insert into Users values ('moneyman', 'money123', 'Elliot', 'Graham', 'moneyman.jpg', 'T', 'I am a businessman who loves to travel as well', 'New York City', 'New York', 'United States', 29);
insert into Users values ('kingjames', 'lakers236', 'LeBron', 'James', 'kingjames.jpg', 'T', '4x NBA champion playing for the Lakers', 'Los Angeles', 'California', 'United States', 34);
insert into Users values ('toki', 'toki412', 'Toki', 'Bunny', 'toki.jpg', 'T', 'Senior Software Engineer at Carrot Tech', 'Shibuya', 'n/a', 'Japan', 24);
insert into Users values ('char', 'char1127', 'Char', 'Coal', 'char.jpg', 'T', 'Corporate lawyer ', 'Toronto', 'Ontario', 'Canada', 19);
insert into Users values ('disguisedtoast', 'toast1125', 'Jeremy', 'Wang', 'disguisedtoast.jpg', 'T', 'Facebook gaming streamer who streams Among Us and other games', 'Taipei', 'n/a', 'Taiwan', 29);
insert into Users values ('gamjaman', 'gamja123', 'Dosan', 'Nam', 'gamjaman.jpg', 'T', 'Former software engineer at 2STO, now works at a Korean start-up', 'Seoul', 'Gyeonggi', 'South Korea', 29);
insert into Users values ('joma', 'joma987', 'Johnathan', 'Ma', 'joma.jpg', 'T', 'Currently working as a FAANG software engineer and youtuber', 'San Francisco', 'California', 'United States', 26);
insert into Users values ('applesamsung', 'appsung', 'Apple', 'Samsung', 'applesamsung.jpg', 'R', 'I keep up with the current trends for technology', 'Seoul', 'Gyeonggi', 'South Korea', 34);
insert into Users values ('hondatoyota', 'honyota', 'Honda', 'Toyota', 'hondatoyota.jpg', 'R', 'Mechanical engineer who works on cars', 'Tokyo', 'n/a', 'Japan', 32);
insert into Users values ('marioluigi', 'marigi', 'Mario', 'Luigi', 'marioluigi.jpg', 'R', 'We own a restaurant that serves authentic pizza and pasta', 'Milan', 'Milan', 'Italy', 42);
insert into Users values ('celinefrancais', 'escargot', 'Celine', 'Francais', 'celinefrancais.jpg', 'R', 'Bonjour!', 'Paris', 'n/a', 'France', 28);
insert into Users values ('neymarsilva', 'worldcup', 'Neymar', 'Silva', 'neymarsilva.jpg', 'R', 'I enjoy the outdoors and playing soccer', 'Sau Paolo', 'Sau Paolo', 'Brazil', 32);
insert into Users values ('sbell', 'sbell498', 'Stephanie', 'Bell', 'sbell.jpg', 'R', 'I love my city and would also love to share the experience!', 'London', 'Greater London', 'United States', 37);
insert into Users values ('mburk', 'mburk871', 'Mia', 'Burk', 'mburk.jpg', 'R', 'I like going on hikes!', 'Zurich', 'Canton of Zurich', 'Switzerland', 23);
insert into Users values ('mayuko', 'mshoyo326', 'Mayuko', 'Shoyo', 'mayuko.jpg', 'T', 'Youtuber who loves walking with her dog', 'San Diego', 'California', 'United States', 30);
insert into Users values ('jenpark', 'jenpark709', 'Jennifer', 'Park', 'jenpark.jpg', 'T', 'I love rock climbing!', 'Melbourne', 'Victoria', 'Australia', 26);
insert into Users values ('kamaboko', 'nezuko', 'Tanjiro', 'Kamado', 'kamaboko.jpg', 'T', 'I am a swordsman with breathing techniques', 'Tomari', 'n/a', 'Japan', 19);
insert into Users values ('jlin', 'basketball', 'Jeremy', 'Lin', 'jlin.jpg', 'T', 'former NBA champion now playing in the CBA', 'Beijing', 'Hebei', 'China', 32);
insert into Users values ('hinata', 'byakugan', 'Hinata', 'Hyuga', 'hinata.jpg', 'T', 'retired ninja and wife of the 7th hokage', 'Tokyo', 'n/a', 'Japan', 31);
insert into Users values ('ewatson', 'hermionegranger', 'Emma', 'Watson', 'ewatson.jpg', 'T', 'Actress most notably known for hermione granger', 'Los Angeles', 'California', 'United States', 30);
insert into Users values ('tomandjohnson', 'stocks', 'Thomas', 'Johnson', 'tomandjohnson.jpg', 'T', 'I work as a quantitative researcher at Citadel', 'Chicago', 'Illinois', 'United States', 37);
insert into Users values ('emilyghoul', 'tokyoghoul', 'Emily', 'Mei', 'emilyghoul.jpg', 'T', 'Youtuber and vlogger', 'Los Angeles', 'California', 'United States', 24);
insert into Users values ('dlwlrma', 'lostchild', 'Jieun', 'Lee', 'dlwlrma.jpg', 'T', 'kpop singer and actress', 'Seoul', 'Gyeonggi', 'South Korea', 27);
insert into Users values ('fruitsalad', 'freshjuice', 'Isabella', 'Rodriguez', 'fruitsalad.jpg', 'T', 'From Miami, Florida where I own a juice store', 'Miami', 'Florida', 'United States', 30);
insert into Users values ('waterbottle', 'water', 'Tim', 'Cook', 'waterbottle.jpg', 'T', 'CEO of Apple', 'Cupertino', 'California', 'United States', 60);
insert into Users values ('pinkbean', 'maplestory', 'Jaewon', 'Jung', 'pinkbean.jpg', 'R', 'avid Maplestory gamer', 'Seoul', 'Gyeonggi', 'South Korea', 24);

insert into Travelers values ('moneyman', 10001, 'Seoul', 'Gyeonggi', 'South Korea',	'2020-10-22', '2020-11-18');
insert into Travelers(username, vacation_city, vacation_state_or_prov, vacation_country, start_time, end_time) values ('kingjames', 'Tokyo', 'n/a', 'Japan', '2020-10-22', '2020-11-18');
insert into Travelers(username, vacation_city, vacation_state_or_prov, vacation_country, start_time, end_time) values ('toki', 'Milan', 'Milan', 'Italy', '2020-11-19', '2020-12-14');
insert into Travelers(username, vacation_city, vacation_state_or_prov, vacation_country, start_time, end_time) values ('char', 'Paris', 'n/a', 'France', '2020-12-18', '2021-01-04');
insert into Travelers(username, vacation_city, vacation_state_or_prov, vacation_country, start_time, end_time) values ('disguisedtoast', 'Sau Paolo', 'Sau Paolo', 'Brazil', '2021-04-26', '2021-05-07');
insert into Travelers(username, vacation_city, vacation_state_or_prov, vacation_country, start_time, end_time) values ('gamjaman', 'London', 'Greater London', 'England', '2021-06-02', '2021-06-09');
insert into Travelers(username, vacation_city, vacation_state_or_prov, vacation_country, start_time, end_time) values ('joma', 'Zurich', 'Canton of Zurich', 'Switzerland', '2020-11-27', '2020-12-19');
insert into Travelers(username, vacation_city, vacation_state_or_prov, vacation_country, start_time, end_time) values ('mayuko', 'Milan', 'Milan', 'Italy', '2020-11-29', '2020-12-28');
insert into Travelers(username, vacation_city, vacation_state_or_prov, vacation_country, start_time, end_time) values ('jenpark', 'Seoul', 'Gyeonggi', 'South Korea', '2020-11-03', '2020-12-08');
insert into Travelers(username, vacation_city, vacation_state_or_prov, vacation_country, start_time, end_time) values ('kamaboko', 'Zurich', 'Canton of Zurich', 'Switzerland', '2020-12-07', '2021-01-03');
insert into Travelers(username, vacation_city, vacation_state_or_prov, vacation_country, start_time, end_time) values ('jlin', 'Seoul', 'Gyeonggi', 'South Korea', '2020-11-07', '2021-02-20');
insert into Travelers(username, vacation_city, vacation_state_or_prov, vacation_country, start_time, end_time) values ('hinata', 'Paris', 'n/a', 'France', '2021-05-01', '2021-05-29');
insert into Travelers(username, vacation_city, vacation_state_or_prov, vacation_country, start_time, end_time) values ('ewatson', 'Seoul', 'Gyeonggi', 'South Korea', '2020-11-10', '2020-12-07');
insert into Travelers(username, vacation_city, vacation_state_or_prov, vacation_country, start_time, end_time) values ('tomandjohnson', 'Tokyo', 'n/a', 'Japan', '2020-12-01', '2021-01-07');
insert into Travelers(username, vacation_city, vacation_state_or_prov, vacation_country, start_time, end_time) values ('emilyghoul', 'Seoul', 'Gyeonggi', 'South Korea', '2020-10-27', '2020-11-30');
insert into Travelers(username, vacation_city, vacation_state_or_prov, vacation_country, start_time, end_time) values ('dlwlrma', 'Paris', 'n/a', 'France', '2021-05-01', '2021-06-17');
insert into Travelers(username, vacation_city, vacation_state_or_prov, vacation_country, start_time, end_time) values ('fruitsalad', 'Tokyo', 'n/a', 'Japan', '2020-11-28', '2020-12-20');
insert into Travelers(username, vacation_city, vacation_state_or_prov, vacation_country, start_time, end_time) values ('waterbottle', 'Seoul', 'Gyeonggi', 'South Korea', '2020-11-30', '2020-12-18');

insert into Local_Residents values ('applesamsung', 20001);
insert into Local_Residents(username) values ('hondatoyota');                                                                                                                                                          
insert into Local_Residents(username) values ('marioluigi');
insert into Local_Residents(username) values ('celinefrancais');
insert into Local_Residents(username) values ('neymarsilva');
insert into Local_Residents(username) values ('sbell');
insert into Local_Residents(username) values ('mburk');
insert into Local_Residents(username) values ('pinkbean');

insert into Recommended_Places values ('N Seoul Tower', 'Seoul', 'Gyeonggi', 'South Korea', 'Considered as the main attraction for tourists in South Korea. It has a lot of attractions such as the view, lighting of the tower, love padlocks, wishing pond and observatory, and more');
insert into Recommended_Places values ('Lotte World', 'Seoul', 'Gyeonggi', 'South Korea', 'Lotte World is essentially Disneyland in South Korea!');
insert into Recommended_Places values ('Han River', 'Seoul', 'Gyeonggi', 'South Korea', 'Known as one of the top places to visit in South Korea, Han river enables visitors to engage in different interesting activities, especially camping in the style of South Koreans.');
insert into Recommended_Places values ('Itaewon', 'Seoul', 'Gyeonggi', 'South Korea', 'Itaewon is known for its cosmopolitan dining and nightlife, with Korean BBQ restaurants, and upscale bistros, as well as low-key kebab shops catering to a late-night crowd.');
insert into Recommended_Places values ('Bukchon Hanok Village', 'Seoul', 'Gyeonggi', 'South Korea', 'For a taste of Korean traditional culture and architecture, head over to the Bukchon Hanok Village. This preserved area of several ancient neighborhoods gives you a feel for what it was like to live in Korea 600 years ago.');
insert into Recommended_Places values ('Milan Cathedral', 'Milan', 'Milan', 'Italy', 'Milan Cathedral is a truly monumental building and is famed for its sublime architecture and took over 600 years to complete.');
insert into Recommended_Places values ('Castello Sforzesco', 'Milan', 'Milan', 'Italy', 'Created in 1370, the original design has been modified and added too greatly but still retains its elegance and status of power.');
insert into Recommended_Places values ('Piazza dei Mercanti', 'Milan', 'Milan', 'Italy', 'Visit this square to admire its fine architecture and to see this ancient part of Milan.');
insert into Recommended_Places values ('Parco Sempione', 'Milan', 'Milan', 'Italy', 'This wonderful place is beautifully landscaped and contains a myriad of footpaths, bike trails and wooded areas together with many sculptures and ornate fountains.');

insert into Events_List values ('moneyman', 30001);
insert into Events_List(username) values ('kingjames');
insert into Events_List(username) values ('toki');
insert into Events_List(username) values ('char');
insert into Events_List(username) values ('disguisedtoast');
insert into Events_List(username) values ('gamjaman');
insert into Events_List(username) values ('joma');
insert into Events_List(username) values ('applesamsung');
insert into Events_List(username) values ('hondatoyota');
insert into Events_List(username) values ('marioluigi');
insert into Events_List(username) values ('celinefrancais');
insert into Events_List(username) values ('neymarsilva');
insert into Events_List(username) values ('sbell');
insert into Events_List(username) values ('mburk');
insert into Events_List(username) values ('mayuko');
insert into Events_List(username) values ('jenpark');
insert into Events_List(username) values ('kamaboko');
insert into Events_List(username) values ('jlin');
insert into Events_List(username) values ('hinata');
insert into Events_List(username) values ('ewatson');
insert into Events_List(username) values ('tomandjohnson');
insert into Events_List(username) values ('emilyghoul');
insert into Events_List(username) values ('dlwlrma');
insert into Events_List(username) values ('fruitsalad');

insert into Events values (40001, '2020-11-10', 'Lotte World');
insert into Events(event_time, location) values ('2020-12-21', 'Parco Sempione');
insert into Events(event_time, location) values ('2020-11-19', 'N Seoul Tower');
insert into Events(event_time, location) values ('2020-11-23', 'Han River');
insert into Events(event_time, location) values ('2020-12-03', 'Itaewon');
insert into Events(event_time, location) values ('2020-12-07', 'Bukchon Hanok Village');

insert into buddyOf values (10001, 10009);
insert into buddyOf values (10009, 10011);
insert into buddyOf values (10009, 10013);
insert into buddyOf values (10009, 10015);

insert into connect values (10001, 20001);
insert into connect values (10002, 20002);
insert into connect values (10003, 20003);
insert into connect values (10004, 20004);
insert into connect values (10005, 20005);
insert into connect values (10006, 20006);
insert into connect values (10007, 20007);
insert into connect values (10008, 20003);
insert into connect values (10009, 20001);
insert into connect values (10010, 20007);
insert into connect values (10011, 20001);
insert into connect values (10012, 20004);
insert into connect values (10013, 20001);
insert into connect values (10014, 20002);
insert into connect values (10015, 20001);
insert into connect values (10016, 20004);
insert into connect values (10017, 20001);

insert into recommend values (20001, 'N Seoul Tower');
insert into recommend values (20001, 'Lotte World');
insert into recommend values (20001, 'Han River');
insert into recommend values (20001, 'Itaewon');
insert into recommend values (20001, 'Bukchon Hanok Village');
insert into recommend values (20003, 'Milan Cathedral');
insert into recommend values (20003, 'Castello Sforzesco');
insert into recommend values (20003, 'Piazza dei Mercanti');
insert into recommend values (20003, 'Parco Sempione');

insert into contain values (40001, 30001, 30016);
insert into contain(events_list_id_1, events_list_id_2) values (30003, 30015);
insert into contain(events_list_id_1, events_list_id_2) values (30016, 30018);
insert into contain(events_list_id_1, events_list_id_2) values (30016, 30020);
insert into contain(events_list_id_1, events_list_id_2) values (30016, 30022);
insert into contain(events_list_id_1, events_list_id_2) values (30008, 30016);
